vingband;Sat, 26 Feb 2011 13:09:35 +0000
tetuanvalley;Sat, 26 Feb 2011 12:42:14 +0000
luisriverag;Sat, 26 Feb 2011 12:42:12 +0000
tetuanvalley;Sat, 26 Feb 2011 12:41:13 +0000
jkaljundi;Sat, 26 Feb 2011 12:29:25 +0000
roomstant;Sat, 26 Feb 2011 12:22:55 +0000
ideasoutloud;Sat, 26 Feb 2011 12:21:55 +0000
Everplaces;Sat, 26 Feb 2011 12:19:05 +0000
Digroli;Sat, 26 Feb 2011 12:18:33 +0000
vadskaer;Sat, 26 Feb 2011 12:17:52 +0000
svenningsen;Sat, 26 Feb 2011 12:15:58 +0000
digbyj;Sat, 26 Feb 2011 12:13:11 +0000
mikebevz;Sat, 26 Feb 2011 12:10:20 +0000
ChristianErfurt;Sat, 26 Feb 2011 12:09:25 +0000
handanyildiran;Sat, 26 Feb 2011 12:03:13 +0000
Everplaces;Sat, 26 Feb 2011 11:58:43 +0000
wfjackson3;Sat, 26 Feb 2011 11:51:36 +0000
JonasWho;Sat, 26 Feb 2011 11:50:59 +0000
SBootcamp;Sat, 26 Feb 2011 11:50:32 +0000
alexfarcet;Sat, 26 Feb 2011 11:50:31 +0000
swCPH;Sat, 26 Feb 2011 11:49:05 +0000
secondflush_de;Sat, 26 Feb 2011 11:48:05 +0000
nickmartn;Sat, 26 Feb 2011 11:45:29 +0000
jrisch;Sat, 26 Feb 2011 11:37:07 +0000
tahitahi;Sat, 26 Feb 2011 11:35:09 +0000
ChrisKaalund;Sat, 26 Feb 2011 11:27:38 +0000
jrisch;Sat, 26 Feb 2011 11:27:24 +0000
iconfinder;Sat, 26 Feb 2011 11:26:14 +0000
nielsbusch;Sat, 26 Feb 2011 11:24:43 +0000
michimarder;Sat, 26 Feb 2011 11:22:40 +0000
roomstant;Sat, 26 Feb 2011 11:22:29 +0000
nrmogensen;Sat, 26 Feb 2011 11:21:22 +0000
YashTar;Sat, 26 Feb 2011 11:19:48 +0000
amir_harel;Sat, 26 Feb 2011 11:18:13 +0000
kiddouk;Sat, 26 Feb 2011 11:14:18 +0000
amir_harel;Sat, 26 Feb 2011 11:14:06 +0000
kiddouk;Sat, 26 Feb 2011 11:12:57 +0000
svenningsen;Sat, 26 Feb 2011 11:10:35 +0000
svenningsen;Sat, 26 Feb 2011 11:09:24 +0000
JonasWho;Sat, 26 Feb 2011 11:07:14 +0000
nedzynski;Sat, 26 Feb 2011 11:02:37 +0000
AbsoluteADT;Sat, 26 Feb 2011 10:46:49 +0000
achristoffersen;Sat, 26 Feb 2011 10:45:51 +0000
nickmartn;Sat, 26 Feb 2011 10:45:32 +0000
jrisch;Sat, 26 Feb 2011 10:45:24 +0000
Gignal;Sat, 26 Feb 2011 10:39:23 +0000
kristianholtedk;Sat, 26 Feb 2011 10:39:05 +0000
planely;Sat, 26 Feb 2011 10:33:37 +0000
qedtherese;Sat, 26 Feb 2011 10:07:42 +0000
nomial;Sat, 26 Feb 2011 10:03:21 +0000
mikebevz;Sat, 26 Feb 2011 09:54:33 +0000
svenningsen;Sat, 26 Feb 2011 09:30:06 +0000
svenningsen;Sat, 26 Feb 2011 09:29:33 +0000
wbednarski;Sat, 26 Feb 2011 09:23:28 +0000
nrmogensen;Sat, 26 Feb 2011 09:21:43 +0000
RiskContainment;Sat, 26 Feb 2011 09:20:01 +0000
trendsonline_dk;Sat, 26 Feb 2011 09:06:56 +0000
achristoffersen;Sat, 26 Feb 2011 08:59:15 +0000
Kim_Balle;Sat, 26 Feb 2011 08:51:37 +0000
mikebevz;Sat, 26 Feb 2011 08:47:22 +0000
Kim_Balle;Sat, 26 Feb 2011 08:40:26 +0000
RiskContainment;Sat, 26 Feb 2011 08:33:48 +0000
RiskContainment;Sat, 26 Feb 2011 08:29:30 +0000
michimarder;Sat, 26 Feb 2011 08:18:27 +0000
Bodekaer;Sat, 26 Feb 2011 07:56:07 +0000
RiskContainment;Sat, 26 Feb 2011 07:55:18 +0000
nopstrup;Sat, 26 Feb 2011 07:41:22 +0000
eddincph;Sat, 26 Feb 2011 07:34:30 +0000
jrisch;Sat, 26 Feb 2011 07:23:24 +0000
ChrisKaalund;Sat, 26 Feb 2011 07:17:09 +0000
redsoda;Sat, 26 Feb 2011 07:01:14 +0000
Incipi;Sat, 26 Feb 2011 05:21:10 +0000
mindwallet;Sat, 26 Feb 2011 05:00:35 +0000
tkolind;Sat, 26 Feb 2011 04:12:17 +0000
achristoffersen;Sat, 26 Feb 2011 01:20:57 +0000
achristoffersen;Sat, 26 Feb 2011 01:18:28 +0000
MortenKrarupK;Sat, 26 Feb 2011 00:49:04 +0000
eddincph;Sat, 26 Feb 2011 00:21:03 +0000
nopstrup;Fri, 25 Feb 2011 23:49:30 +0000
adamdani;Fri, 25 Feb 2011 23:46:34 +0000
nedzynski;Fri, 25 Feb 2011 23:44:58 +0000
HoustonSW;Fri, 25 Feb 2011 23:28:19 +0000
sarahmworthy;Fri, 25 Feb 2011 23:28:17 +0000
Kim_Balle;Fri, 25 Feb 2011 23:10:18 +0000
digbyj;Fri, 25 Feb 2011 22:59:02 +0000
whereisciao;Fri, 25 Feb 2011 22:43:27 +0000
DVSGEM;Fri, 25 Feb 2011 22:40:48 +0000
robin_ahn;Fri, 25 Feb 2011 22:40:21 +0000
wfjackson3;Fri, 25 Feb 2011 22:39:29 +0000
wfjackson3;Fri, 25 Feb 2011 22:31:19 +0000
digbyj;Fri, 25 Feb 2011 22:23:25 +0000
trendsonline_dk;Fri, 25 Feb 2011 22:16:44 +0000
ed_celis;Fri, 25 Feb 2011 21:47:54 +0000
ed_celis;Fri, 25 Feb 2011 21:38:43 +0000
swCPH;Fri, 25 Feb 2011 21:38:01 +0000
seanrmurphy;Fri, 25 Feb 2011 21:31:38 +0000
4ND3RS;Fri, 25 Feb 2011 21:02:14 +0000
svenningsen;Fri, 25 Feb 2011 21:00:12 +0000
nikstep;Fri, 25 Feb 2011 21:00:09 +0000
svenningsen;Fri, 25 Feb 2011 20:59:32 +0000
svenningsen;Fri, 25 Feb 2011 20:58:02 +0000
sechrest;Fri, 25 Feb 2011 20:40:13 +0000
wfjackson3;Fri, 25 Feb 2011 20:33:00 +0000
4ND3RS;Fri, 25 Feb 2011 20:31:48 +0000
mikebevz;Fri, 25 Feb 2011 20:29:23 +0000
CCarnino;Fri, 25 Feb 2011 20:21:32 +0000
nfsaxberg;Fri, 25 Feb 2011 20:14:07 +0000
svaeyens;Fri, 25 Feb 2011 20:10:31 +0000
nopstrup;Fri, 25 Feb 2011 19:58:52 +0000
NickBruun;Fri, 25 Feb 2011 19:41:42 +0000
mindwallet;Fri, 25 Feb 2011 19:36:55 +0000
TactileEnt;Fri, 25 Feb 2011 19:23:47 +0000
digbyj;Fri, 25 Feb 2011 19:23:28 +0000
luisriverag;Fri, 25 Feb 2011 19:22:11 +0000
betcafe;Fri, 25 Feb 2011 19:19:45 +0000
ChrisKaalund;Fri, 25 Feb 2011 19:18:57 +0000
Swiatecki;Fri, 25 Feb 2011 19:17:25 +0000
iconfinder;Fri, 25 Feb 2011 19:16:49 +0000
amir_harel;Fri, 25 Feb 2011 19:13:26 +0000
stoffr;Fri, 25 Feb 2011 19:06:54 +0000
amir_harel;Fri, 25 Feb 2011 19:00:20 +0000
bjerngaard;Fri, 25 Feb 2011 19:00:00 +0000
ChristianErfurt;Fri, 25 Feb 2011 18:56:55 +0000
digbyj;Fri, 25 Feb 2011 18:56:44 +0000
4ND3RS;Fri, 25 Feb 2011 18:54:00 +0000
digbyj;Fri, 25 Feb 2011 18:53:38 +0000
iotals;Fri, 25 Feb 2011 18:46:52 +0000
wulffeld;Fri, 25 Feb 2011 18:43:23 +0000
cborodescu;Fri, 25 Feb 2011 18:36:48 +0000
chorDK;Fri, 25 Feb 2011 18:32:23 +0000
swCPH;Fri, 25 Feb 2011 18:31:19 +0000
nickmartn;Fri, 25 Feb 2011 18:27:55 +0000
ed_celis;Fri, 25 Feb 2011 18:15:12 +0000
4ND3RS;Fri, 25 Feb 2011 18:10:12 +0000
tahitahi;Fri, 25 Feb 2011 18:09:49 +0000
unitedaccel;Fri, 25 Feb 2011 18:09:13 +0000
unitedaccel;Fri, 25 Feb 2011 18:09:12 +0000
4ND3RS;Fri, 25 Feb 2011 18:07:15 +0000
tahitahi;Fri, 25 Feb 2011 18:07:03 +0000
ChrisKaalund;Fri, 25 Feb 2011 18:06:47 +0000
4ND3RS;Fri, 25 Feb 2011 18:06:16 +0000
nopstrup;Fri, 25 Feb 2011 18:03:19 +0000
pavelhradecky;Fri, 25 Feb 2011 18:01:42 +0000
christianrex;Fri, 25 Feb 2011 18:01:33 +0000
amir_harel;Fri, 25 Feb 2011 18:00:59 +0000
jrisch;Fri, 25 Feb 2011 17:59:19 +0000
silversen;Fri, 25 Feb 2011 17:55:56 +0000
silversen;Fri, 25 Feb 2011 17:54:53 +0000
swCPH;Fri, 25 Feb 2011 17:54:04 +0000
SBootcamp;Fri, 25 Feb 2011 17:54:04 +0000
swCPH;Fri, 25 Feb 2011 17:53:20 +0000
thanpolas;Fri, 25 Feb 2011 17:47:26 +0000
wbednarski;Fri, 25 Feb 2011 17:45:35 +0000
digbyj;Fri, 25 Feb 2011 17:45:22 +0000
swHighTech;Fri, 25 Feb 2011 17:45:03 +0000
swCPH;Fri, 25 Feb 2011 17:39:30 +0000
okuriventures;Fri, 25 Feb 2011 17:27:43 +0000
luisriverag;Fri, 25 Feb 2011 17:27:35 +0000
tetuanvalley;Fri, 25 Feb 2011 17:27:29 +0000
trendsonline_dk;Fri, 25 Feb 2011 17:10:57 +0000
DKMayer;Fri, 25 Feb 2011 17:02:53 +0000
nfsaxberg;Fri, 25 Feb 2011 17:02:28 +0000
dblynov;Fri, 25 Feb 2011 16:55:38 +0000
HoustonSW;Fri, 25 Feb 2011 16:53:07 +0000
sarahmworthy;Fri, 25 Feb 2011 16:53:06 +0000
silversen;Fri, 25 Feb 2011 16:49:31 +0000
slimKhan;Fri, 25 Feb 2011 16:40:01 +0000
KaisEG;Fri, 25 Feb 2011 16:39:43 +0000
amir_harel;Fri, 25 Feb 2011 16:39:04 +0000
nopstrup;Fri, 25 Feb 2011 16:36:15 +0000
alexfarcet;Fri, 25 Feb 2011 16:35:21 +0000
nopstrup;Fri, 25 Feb 2011 16:35:15 +0000
encinar;Fri, 25 Feb 2011 16:33:37 +0000
gairifo;Fri, 25 Feb 2011 16:33:24 +0000
swCPH;Fri, 25 Feb 2011 16:32:33 +0000
SBootcamp;Fri, 25 Feb 2011 16:32:32 +0000
alexfarcet;Fri, 25 Feb 2011 16:31:31 +0000
amir_harel;Fri, 25 Feb 2011 16:23:57 +0000
amir_harel;Fri, 25 Feb 2011 16:22:35 +0000
nrmogensen;Fri, 25 Feb 2011 16:20:21 +0000
mikebevz;Fri, 25 Feb 2011 16:15:21 +0000
encinar;Fri, 25 Feb 2011 16:13:59 +0000
tpedersen;Fri, 25 Feb 2011 16:12:34 +0000
chorDK;Fri, 25 Feb 2011 15:58:11 +0000
ErolKazan;Fri, 25 Feb 2011 15:55:20 +0000
MortenKrarupK;Fri, 25 Feb 2011 15:52:14 +0000
Gignal;Fri, 25 Feb 2011 15:50:08 +0000
ErolKazan;Fri, 25 Feb 2011 15:50:03 +0000
jens_sorensen;Fri, 25 Feb 2011 15:49:09 +0000
iconfinder;Fri, 25 Feb 2011 15:48:42 +0000
ChrisKaalund;Fri, 25 Feb 2011 15:41:35 +0000
ChrisKaalund;Fri, 25 Feb 2011 15:39:20 +0000
jacobat;Fri, 25 Feb 2011 15:38:05 +0000
amir_harel;Fri, 25 Feb 2011 15:35:38 +0000
christianrex;Fri, 25 Feb 2011 15:29:27 +0000
RiskContainment;Fri, 25 Feb 2011 15:24:36 +0000
nopstrup;Fri, 25 Feb 2011 15:12:54 +0000
gormcasper;Fri, 25 Feb 2011 14:59:17 +0000
silversen;Fri, 25 Feb 2011 14:54:15 +0000
wbednarski;Fri, 25 Feb 2011 14:53:20 +0000
RiskContainment;Fri, 25 Feb 2011 14:44:04 +0000
nickmartn;Fri, 25 Feb 2011 14:27:15 +0000
alexfarcet;Fri, 25 Feb 2011 14:06:45 +0000
swCPH;Fri, 25 Feb 2011 13:52:28 +0000
YashTar;Fri, 25 Feb 2011 13:05:50 +0000
swCPH;Fri, 25 Feb 2011 12:56:18 +0000
michimarder;Fri, 25 Feb 2011 12:55:48 +0000
Gignal;Fri, 25 Feb 2011 12:53:47 +0000
gormcasper;Fri, 25 Feb 2011 12:37:39 +0000
hvirring;Fri, 25 Feb 2011 12:29:58 +0000
YashTar;Fri, 25 Feb 2011 12:18:20 +0000
etailerdk;Fri, 25 Feb 2011 12:02:52 +0000
damiansen;Fri, 25 Feb 2011 11:43:02 +0000
nedzynski;Fri, 25 Feb 2011 11:42:40 +0000
ErolKazan;Fri, 25 Feb 2011 11:32:13 +0000
amir_harel;Fri, 25 Feb 2011 11:28:41 +0000
digbyj;Fri, 25 Feb 2011 11:27:12 +0000
RiskContainment;Fri, 25 Feb 2011 11:18:34 +0000
swCPH;Fri, 25 Feb 2011 11:05:20 +0000
Windkracht11;Fri, 25 Feb 2011 10:42:06 +0000
hightechcampus;Fri, 25 Feb 2011 10:42:06 +0000
hackfwdtalent;Fri, 25 Feb 2011 10:33:41 +0000
digbyj;Fri, 25 Feb 2011 10:31:47 +0000
wbednarski;Fri, 25 Feb 2011 10:10:01 +0000
JonasWho;Fri, 25 Feb 2011 09:10:10 +0000
digbyj;Fri, 25 Feb 2011 09:03:10 +0000
swCPH;Fri, 25 Feb 2011 09:02:42 +0000
buyukkotukurt;Fri, 25 Feb 2011 08:54:50 +0000
mikebevz;Fri, 25 Feb 2011 08:38:55 +0000
achristoffersen;Fri, 25 Feb 2011 08:33:00 +0000
nslindtner;Fri, 25 Feb 2011 08:32:50 +0000
swCPH;Fri, 25 Feb 2011 08:01:30 +0000
swCPH;Fri, 25 Feb 2011 08:01:02 +0000
alexfarcet;Fri, 25 Feb 2011 08:00:23 +0000
tornoe;Fri, 25 Feb 2011 07:51:15 +0000
cborodescu;Fri, 25 Feb 2011 07:49:39 +0000
nopstrup;Fri, 25 Feb 2011 07:45:34 +0000
YashTar;Fri, 25 Feb 2011 04:48:37 +0000
alexfarcet;Thu, 24 Feb 2011 21:19:24 +0000
tamamotu1;Thu, 24 Feb 2011 21:15:55 +0000
thanpolas;Thu, 24 Feb 2011 21:15:27 +0000
ErolKazan;Thu, 24 Feb 2011 19:33:38 +0000
JoshSamBob;Thu, 24 Feb 2011 18:53:57 +0000
tova_s;Thu, 24 Feb 2011 18:41:00 +0000
luisriverag;Thu, 24 Feb 2011 18:37:18 +0000
swCPH;Thu, 24 Feb 2011 18:18:47 +0000
amir_harel;Thu, 24 Feb 2011 18:14:53 +0000
Kim_Balle;Thu, 24 Feb 2011 18:09:07 +0000
alexfarcet;Thu, 24 Feb 2011 18:07:38 +0000
swCPH;Thu, 24 Feb 2011 18:02:29 +0000
ChrisKaalund;Thu, 24 Feb 2011 17:41:33 +0000
bjornbrekel;Thu, 24 Feb 2011 17:39:05 +0000
achristoffersen;Thu, 24 Feb 2011 14:10:51 +0000
digbyj;Thu, 24 Feb 2011 13:56:51 +0000
Kim_Balle;Thu, 24 Feb 2011 10:30:29 +0000
Kim_Balle;Thu, 24 Feb 2011 10:29:30 +0000
digbyj;Thu, 24 Feb 2011 10:19:04 +0000
webcrumbz;Thu, 24 Feb 2011 09:31:37 +0000
ChrisKaalund;Thu, 24 Feb 2011 08:55:15 +0000
mzmihalev;Wed, 23 Feb 2011 21:37:29 +0000
RiskContainment;Wed, 23 Feb 2011 16:40:03 +0000
ed_celis;Wed, 23 Feb 2011 16:30:05 +0000
Tabletracker;Wed, 23 Feb 2011 16:30:02 +0000
JasperLevink;Wed, 23 Feb 2011 15:27:48 +0000
swCPH;Wed, 23 Feb 2011 15:12:38 +0000
digbyj;Wed, 23 Feb 2011 15:12:02 +0000
christianrex;Wed, 23 Feb 2011 12:57:17 +0000
thanpolas;Wed, 23 Feb 2011 12:54:46 +0000
digbyj;Wed, 23 Feb 2011 12:49:38 +0000
RiskContainment;Wed, 23 Feb 2011 11:40:02 +0000
digbyj;Wed, 23 Feb 2011 11:30:08 +0000
swCPH;Wed, 23 Feb 2011 08:27:22 +0000
RiskContainment;Tue, 22 Feb 2011 16:54:02 +0000
tornoe;Tue, 22 Feb 2011 15:44:40 +0000
gairifo;Tue, 22 Feb 2011 11:57:17 +0000
swCPH;Tue, 22 Feb 2011 11:56:57 +0000
alexfarcet;Tue, 22 Feb 2011 11:56:57 +0000
cborodescu;Tue, 22 Feb 2011 10:52:06 +0000
RiskContainment;Tue, 22 Feb 2011 08:20:24 +0000
RiskContainment;Tue, 22 Feb 2011 08:16:38 +0000
luisriverag;Mon, 21 Feb 2011 22:25:43 +0000
webcrumbz;Mon, 21 Feb 2011 14:24:57 +0000
NickBruun;Mon, 21 Feb 2011 11:30:14 +0000
